EAN,PurchasePriceExclVAT,RecommendedPriceInclVAT
7394094157607,220,549
7394094235923,373,929
7394094235930,373,929
7394094146328,220,549
7394094153067,220,549
7394094201805,220,549
7394094236005,373,929
7394094239884,55,135
7394094240194,59,145
7394094221735,82,205
7394094240200,71,175
7394094240217,134,335
7394094240224,122,305
7394094253521,20,49
7394094148889,100,249
7394094149879,105,259
7394094198839,105,259
7394094149008,170,425
7394094149015,170,425
7394094149046,170,425
7394094149060,170,425
7394094149077,170,425
7394094162175,170,425
7394094149114,170,425
7394094236029,373,929
7394094172396,220,549
7394094248930,55,135
7394094253736,55,135
7394094275981,55,135
7394094248985,55,135
7394094248879,141,349
7394094248886,141,349
7394094248909,141,349
7394094248923,141,349
7394094231758,59,145